{
"skeleton": { "hash": "mmTKK4hCZuS6qI2HiHOiz5zKodY", "spine": "2.1.27", "width": 499.73, "height": 597 },
"bones": [
	{ "name": "root" },
	{ "name": "bone", "parent": "root", "length": 181.12, "x": 2.56, "y": 4.63, "rotation": 101.13 },
	{ "name": "bone2", "parent": "bone", "length": 97.85, "x": 181.12, "y": 0.32, "rotation": -45.45 },
	{ "name": "bone3", "parent": "bone2", "length": 123.06, "x": 108.41, "y": -6.82, "rotation": 45 },
	{ "name": "bone18", "parent": "bone3", "length": 46.74, "x": -9.15, "y": -30.3, "rotation": -178.18 },
	{ "name": "bone4", "parent": "bone3", "length": 45.68, "x": 125.11, "y": 0.14, "rotation": -18.7 },
	{ "name": "bone6", "parent": "bone3", "length": 110.96, "x": 134.04, "y": 51.23, "rotation": 108.7 },
	{ "name": "bone19", "parent": "bone18", "length": 108.88, "x": 46.74, "y": 0.15, "rotation": 4.98 },
	{ "name": "bone5", "parent": "bone4", "length": 137.7, "x": 45.68, "y": -0.26, "rotation": 20.7 },
	{ "name": "bone7", "parent": "bone6", "length": 84.85, "x": 110.95, "y": 0.57, "rotation": -8.06 },
	{ "name": "bone20", "parent": "bone19", "length": 79.62, "x": 108.89, "y": 0.37, "rotation": 43.6 },
	{ "name": "bone21", "parent": "bone5", "length": 68.4, "x": 17.18, "y": 47.83, "rotation": 139.1 },
	{ "name": "bone29", "parent": "bone5", "length": 17.79, "x": 13.03, "y": 8.71, "rotation": 6.29 },
	{ "name": "bone30", "parent": "bone5", "length": 22.38, "x": -12.34, "y": -15.61, "rotation": -165.32 },
	{ "name": "bone8", "parent": "bone7", "length": 50.58, "x": 85.55, "y": 0.15, "rotation": -22.26 },
	{ "name": "bone11", "parent": "bone8", "length": 22.18, "x": 46.49, "y": -13.21, "rotation": -49.92 },
	{ "name": "bone13", "parent": "bone8", "length": 22.85, "x": 57.17, "y": -8.19, "rotation": -25.28 },
	{ "name": "bone15", "parent": "bone8", "length": 19.58, "x": 61.9, "y": -1.65, "rotation": -15.1 },
	{ "name": "bone17", "parent": "bone8", "length": 28.97, "x": 18.05, "y": 14.29, "rotation": 69.29 },
	{ "name": "bone22", "parent": "bone21", "length": 71.74, "x": 68.4, "y": -0.01, "rotation": -77.13 },
	{ "name": "bone31", "parent": "bone30", "length": 26.23, "x": 22.38, "y": 0.11, "rotation": 2.7 },
	{ "name": "bone9", "parent": "bone8", "length": 22.15, "x": 30.85, "y": -10.78, "rotation": -60.1 },
	{ "name": "bone10", "parent": "bone9", "length": 27.79, "x": 22.15, "y": 0.04, "rotation": -14.14 },
	{ "name": "bone12", "parent": "bone11", "length": 32.24, "x": 22.18, "y": -0.01, "rotation": -11.22 },
	{ "name": "bone14", "parent": "bone13", "length": 26.67, "x": 22.85, "y": -0.12, "rotation": -15.4 },
	{ "name": "bone16", "parent": "bone15", "length": 20.45, "x": 19.58, "y": 0.03, "rotation": -10.26 },
	{ "name": "bone23", "parent": "bone22", "length": 52.64, "x": 71.74, "y": 0.01, "rotation": 19.91 },
	{ "name": "bone32", "parent": "bone31", "length": 28.07, "x": 26.23, "y": 0.09, "rotation": 12.09 },
	{ "name": "bone24", "parent": "bone23", "length": 38.48, "x": 52.64, "y": 0.28, "rotation": 24.91 },
	{ "name": "bone33", "parent": "bone32", "length": 20.79, "x": 28.07, "y": 0.05, "rotation": 8.06 },
	{ "name": "bone25", "parent": "bone24", "length": 28.58, "x": 38.48, "y": 0.04, "rotation": 8.94 },
	{ "name": "bone34", "parent": "bone33", "length": 23.88, "x": 20.79, "y": 0.1, "rotation": 21.25 },
	{ "name": "bone26", "parent": "bone25", "length": 22.31, "x": 28.58, "y": 0.12, "rotation": 14.67 },
	{ "name": "bone35", "parent": "bone34", "length": 22.1, "x": 24.78, "y": 0.33, "rotation": -1.35 },
	{ "name": "bone27", "parent": "bone26", "length": 21.98, "x": 22.32, "y": 0.01, "rotation": 12.86 },
	{ "name": "bone36", "parent": "bone35", "length": 20.72, "x": 22.1, "y": -0.04, "rotation": -9.82 },
	{ "name": "bone28", "parent": "bone27", "length": 27.9, "x": 21.98, "y": 0.03, "rotation": 23.79 },
	{ "name": "bone37", "parent": "bone36", "length": 25.14, "x": 20.73, "y": -0.13, "rotation": -25.65 },
	{ "name": "bone38", "parent": "bone37", "length": 19.91, "x": 25.14, "y": -0.15, "rotation": -39.84 },
	{ "name": "bone39", "parent": "bone38", "length": 24.27, "x": 19.91, "y": -0.08, "rotation": -8.06 },
	{ "name": "bone40", "parent": "bone39", "length": 18.88, "x": 24.27, "y": -0.09, "rotation": -39.84 },
	{ "name": "bone41", "parent": "bone40", "length": 24.19, "x": 18.88, "rotation": -16.24 },
	{ "name": "bone42", "parent": "bone41", "length": 19.11, "x": 24.19, "y": -0.03 }
],
"slots": [
	{ "name": "left_hair", "bone": "root", "attachment": "left_hair" },
	{ "name": "right_hair", "bone": "root", "attachment": "right_hair" },
	{ "name": "figures", "bone": "root", "attachment": "figures" },
	{ "name": "mouth", "bone": "root", "attachment": "mouth" }
],
"skins": {
	"default": {
		"figures": {
			"figures": {
				"type": "skinnedmesh",
				"uvs": [ 0.59756, 0.31076, 0.54946, 0.30666, 0.51961, 0.30802, 0.3322, 0.41464, 0.17795, 0.46111, 0.14478, 0.46111, 0.1282, 0.43514, 0.10663, 0.3832, 0.08341, 0.38456, 0.08673, 0.4078, 0.09668, 0.43924, 0.10728, 0.45598, 0.08554, 0.4323, 0.04983, 0.38367, 0.03507, 0.38559, 0.02731, 0.39135, 0.03274, 0.40735, 0.05448, 0.43934, 0.07855, 0.46494, 0.04827, 0.4483, 0, 0.41887, 0, 0.44574, 0.02964, 0.46494, 0.05526, 0.47646, 0.02769, 0.46825, 4.0E-5, 0.45776, 0, 0.47331, 0.01672, 0.48779, 0.06045, 0.49791, 0.08793, 0.52113, 0.11678, 0.53245, 0.13115, 0.57101, 0.14814, 0.56592, 0.15664, 0.54492, 0.16513, 0.53346, 0.18985, 0.51691, 0.20452, 0.52264, 0.22769, 0.51945, 0.36539, 0.47781, 0.50943, 0.41281, 0.50428, 0.43189, 0.47856, 0.46509, 0.53, 0.47428, 0.54715, 0.53363, 0.51114, 0.55553, 0.44427, 0.58591, 0.41426, 0.59163, 0.3774, 0.63614, 0.35853, 0.67783, 0.34567, 0.7181, 0.3464, 0.80733, 0.3393, 0.84159, 0.31903, 0.90091, 0.32916, 0.9218, 0.35958, 0.91512, 0.39507, 0.90843, 0.43664, 0.89423, 0.48632, 1, 0.80874, 1, 0.77122, 0.86582, 0.79252, 0.83574, 0.77528, 0.81067, 0.73168, 0.78393, 0.71546, 0.72976, 0.70127, 0.65957, 0.72357, 0.62949, 0.74385, 0.59523, 0.76007, 0.64119, 0.76311, 0.66709, 0.83409, 0.80078, 0.8422, 0.82668, 0.8716, 0.88517, 0.89391, 0.88852, 0.89289, 0.86261, 0.92939, 0.87598, 0.9882, 0.88684, 0.9953, 0.87598, 1, 0.86846, 1, 0.84507, 0.98212, 0.83922, 0.96082, 0.81916, 0.92534, 0.81916, 0.89086, 0.79493, 0.84017, 0.65455, 0.82699, 0.62949, 0.81077, 0.54849, 0.82597, 0.53178, 0.84118, 0.5134, 0.84118, 0.47831, 0.81685, 0.4382, 0.80367, 0.39405, 0.77427, 0.36898, 0.73777, 0.34976, 0.70938, 0.3272, 0.71445, 0.3155, 0.71952, 0.30381, 0.81888, 0.2896, 0.86653, 0.30464, 0.85741, 0.28041, 0.88782, 0.2403, 0.89492, 0.18348, 0.86653, 0.1392, 0.84929, 0.10494, 0.81482, 0.07904, 0.78846, 0.06567, 0.74892, 0.03559, 0.70938, 0.02472, 0.66375, 0.01887, 0.61508, 0.0289, 0.58568, 0.03893, 0.56135, 0.04311, 0.53093, 0.03726, 0.54512, 0.02055, 0.57757, 0, 0.53397, 4.9E-4, 0.50457, 0.01386, 0.50457, 0.03475, 0.51876, 0.0523, 0.54107, 0.06316, 0.52079, 0.07402, 0.4995, 0.09575, 0.48125, 0.11998, 0.4701, 0.16677, 0.48024, 0.19435, 0.49443, 0.21022, 0.49342, 0.25284, 0.50862, 0.28459, 0.52181, 0.29378, 0.54614, 0.29127, 0.64489, 0.30007, 0.58416, 0.36208, 0.54396, 0.392, 0.6729, 0.39206, 0.71888, 0.42192, 0.74814, 0.47589, 0.72306, 0.53789, 0.66175, 0.57005, 0.59626, 0.55397, 0.70076, 0.57808, 0.73838, 0.57234, 0.66314, 0.5, 0.59347, 0.44718, 0.6297, 0.42192, 0.59069, 0.51033, 0.68265, 0.47129, 0.80248, 0.49081 ],
				"triangles": [ 73, 82, 81, 70, 82, 73, 79, 78, 77, 74, 81, 80, 74, 80, 79, 79, 75, 74, 73, 81, 74, 77, 76, 79, 71, 70, 73, 76, 75, 79, 71, 73, 72, 70, 69, 82, 69, 83, 82, 68, 67, 84, 68, 84, 83, 67, 66, 84, 69, 68, 83, 27, 26, 24, 26, 25, 24, 28, 27, 23, 27, 24, 23, 19, 21, 20, 19, 22, 21, 18, 12, 11, 23, 19, 18, 22, 19, 23, 28, 23, 18, 17, 13, 12, 16, 15, 14, 16, 14, 13, 17, 16, 13, 18, 17, 12, 9, 8, 7, 9, 7, 6, 11, 10, 6, 6, 10, 9, 11, 6, 5, 32, 30, 33, 31, 30, 32, 33, 30, 34, 5, 30, 11, 30, 29, 11, 3, 37, 4, 35, 5, 4, 37, 35, 4, 36, 35, 37, 35, 34, 5, 29, 18, 11, 30, 5, 34, 28, 18, 29, 3, 39, 38, 38, 37, 3, 39, 3, 2, 112, 114, 113, 115, 111, 116, 114, 111, 115, 114, 112, 111, 117, 116, 111, 118, 111, 110, 117, 111, 118, 123, 122, 121, 124, 121, 120, 123, 121, 124, 99, 101, 100, 102, 101, 103, 99, 96, 101, 120, 118, 124, 124, 128, 125, 126, 125, 128, 103, 101, 95, 99, 98, 96, 118, 129, 124, 118, 120, 119, 124, 129, 128, 127, 126, 128, 129, 108, 107, 129, 107, 106, 104, 129, 106, 104, 106, 105, 109, 108, 129, 104, 95, 129, 103, 95, 104, 95, 101, 96, 96, 98, 97, 118, 110, 109, 118, 109, 129, 129, 0, 128, 94, 129, 95, 66, 138, 139, 132, 129, 93, 132, 93, 92, 133, 92, 91, 90, 133, 91, 89, 133, 90, 142, 130, 132, 133, 132, 92, 141, 130, 142, 131, 130, 141, 42, 40, 131, 41, 40, 42, 133, 89, 134, 145, 134, 89, 145, 89, 88, 135, 85, 139, 139, 138, 135, 56, 44, 137, 137, 136, 64, 138, 64, 136, 142, 132, 133, 144, 142, 133, 42, 131, 141, 144, 133, 134, 140, 142, 144, 141, 142, 140, 143, 42, 141, 143, 141, 140, 145, 88, 87, 86, 145, 87, 43, 42, 143, 135, 144, 134, 140, 144, 135, 85, 145, 86, 137, 143, 140, 43, 143, 137, 136, 137, 140, 136, 140, 135, 145, 135, 134, 85, 135, 145, 138, 136, 135, 44, 43, 137, 131, 40, 39, 66, 65, 138, 66, 85, 84, 66, 139, 85, 93, 129, 94, 130, 1, 0, 131, 2, 1, 131, 1, 130, 39, 2, 131, 130, 129, 132, 64, 138, 65, 56, 50, 49, 59, 62, 61, 59, 61, 60, 45, 47, 46, 45, 48, 47, 56, 48, 45, 56, 49, 48, 51, 50, 56, 56, 45, 44, 51, 54, 52, 56, 55, 51, 55, 54, 51, 53, 52, 54, 56, 137, 64, 56, 62, 57, 57, 62, 59, 63, 56, 64, 62, 56, 63, 58, 57, 59, 129, 130, 0 ],
				"vertices": [ 1, 3, 152.02, 26.52, 1, 1, 1, 411.51, -33.68, 1, 1, 1, 413.54, -19.12, 1, 2, 6, 115.01, -19.12999, 0.66, 9, 6.78, -18.94, 0.33999, 2, 9, 87.56, -20.69, 0.62, 14, 9.75, -18.53, 0.38, 1, 14, 26.07, -18.26, 1, 2, 21, 21.61, -8.22, 0.78, 22, 1.49, -8.14999, 0.22, 1, 22, 34.18, -5.81, 1, 1, 22, 36.31, 5.43, 1, 1, 22, 22.48, 7.4, 1, 2, 21, 26.97, 6.52, 0.78, 22, 3.09, 7.46, 0.22, 2, 21, 15.71, 6.79, 0.72, 15, 4.73, -6.49, 0.27998, 2, 15, 22.44, -7.11, 0.68, 23, 1.64, -6.91, 0.32, 1, 23, 35.52, -4.96, 1, 1, 23, 37.9, 1.98, 1, 1, 23, 36.65, 6.97, 1, 1, 23, 26.96, 9.07, 1, 2, 15, 28.82, 7.39, 0.68, 23, 5.07, 8.55, 0.32, 1, 16, 4.39, -5.92, 1, 2, 16, 22.15, -8.24, 0.61, 24, 1.47, -8.01, 0.39, 1, 24, 30.9, -5.35, 1, 1, 24, 20.24, 6.62, 1, 2, 16, 25.98, 4.71, 0.61, 24, 1.72, 5.5, 0.39, 2, 16, 11.63, 5.3, 0.56, 17, 9.52, -4.37, 0.44, 2, 17, 23.91, -5.33, 0.58, 25, 5.21, -4.51, 0.42, 1, 25, 20.19, -4.09, 1, 1, 25, 16.09, 4.23, 1, 2, 17, 25.87, 7.36, 0.58, 25, 4.88, 8.33, 0.42, 1, 14, 67.19, 4.4, 1, 1, 14, 53.44, 18.03, 1, 1, 14, 39.14, 24.55, 1, 1, 18, 35.84, -1.03, 1, 1, 18, 29.93, 5.61, 1, 1, 18, 16.73, 4.87, 1, 1, 14, 15.34, 24.75, 1, 1, 14, 3.35, 14.67, 1, 2, 9, 88.74, 18.27, 0.62, 14, -3.92, 17.96999, 0.38, 1, 14, -15.29, 15.88, 1, 2, 6, 119.29, 21.74, 0.66, 9, 5.28, 22.13, 0.33999, 1, 6, 38.5, 22.7, 1, 1, 3, 89.46, 85.01, 1, 1, 3, 72.32, 101.11, 1, 1, 3, 62.24, 77.26, 1, 1, 3, 25.86, 75.53, 1, 2, 2, 52.5, 72.12999, 0.58999, 3, 16.29, 95.36, 0.41, 1, 1, 257.92, 49.27, 1, 1, 1, 257.42, 64.41, 1, 1, 1, 234.85, 87.34, 1, 1, 1, 212.22, 101.25, 1, 1, 1, 189.85, 112.1, 1, 1, 1, 137.51, 122.03, 1, 1, 1, 118.12, 129.4, 1, 1, 1, 85.29, 146.03, 1, 1, 1, 72.08999, 143.54, 1, 1, 1, 73.12, 128.09, 1, 1, 1, 73.67, 110.18, 1, 1, 1, 78.04, 88.48, 1, 1, 1, 11.37, 76.68, 1, 1, 1, -19.24, -78.94999, 1, 1, 1, 62.91, -76.3, 1, 1, 1, 78.51, -90.05, 1, 1, 1, 94.83, -84.62, 1, 1, 1, 114.63, -66.65, 1, 1, 1, 147.9, -65.06, 1, 1, 1, 190.37, -66.3, 1, 1, 1, 205.87, -80.53, 1, 2, 3, -28.18, -12.76, 0.64999, 4, 18.46999, -18.12999, 0.35, 1, 7, -1.17999, -16.39, 1, 1, 7, 14.01, -19.61, 1, 2, 7, 100.64, -10.28, 0.53999, 10, -13.32, -2.01, 0.46, 1, 10, -2.34999, -13.62, 1, 1, 10, 27.18, -37.21, 1, 1, 10, 37.75, -33.66, 1, 1, 10, 29.85, -20.36, 1, 1, 10, 49.43, -18.67, 1, 1, 10, 77.9, -10.37, 1, 1, 10, 77.82, -3, 1, 1, 10, 77.68, 2.04, 1, 1, 10, 70.93, 14.27, 1, 1, 10, 61.54, 13.07, 1, 1, 10, 46.58, 18.5, 1, 1, 10, 31.29, 10.06, 1, 2, 7, 105.7, 17.41, 0.53999, 10, 9.45, 14.53, 0.46, 1, 7, 18.26, 18.79999, 1, 1, 7, 2.04, 17.11, 1, 2, 3, -6.86, -50.28, 0.64999, 4, -1.64, 20.04, 0.35, 1, 3, 1.55, -59.48, 1, 1, 3, 10.95, -68.86, 1, 1, 3, 31.54, -72.74, 1, 1, 3, 57.28, -65.41, 1, 1, 3, 84.39, -63.92, 1, 1, 3, 101.77, -52.47, 1, 1, 3, 116.37, -36.95, 1, 1, 3, 132.19, -25.71, 1, 1, 1, 390.66, -112.31, 1, 2, 5, 29.52, -25.21, 0.72, 8, -23.93, -17.62, 0.27998, 1, 8, -26.38, -67.18, 1, 1, 8, -40.28, -88.08, 1, 1, 8, -25.18, -86.88, 1, 1, 8, -5.1, -106.73, 1, 1, 8, 27.22, -117.57, 1, 1, 8, 56.08, -109.74, 1, 1, 8, 77.89, -105.96, 1, 1, 8, 96.7, -92.8, 1, 1, 8, 107.33, -81.89, 1, 1, 8, 129.12, -66.85, 1, 1, 8, 139.71, -49.29, 1, 1, 8, 148.04, -28.16, 1, 1, 8, 147.45, -3.48, 1, 1, 8, 144.78, 11.93, 1, 1, 8, 144.97, 24.16, 1, 1, 8, 151.66, 38, 1, 1, 8, 159.86, 29, 1, 1, 8, 168.33, 10.73, 1, 1, 8, 172.75, 31.72, 1, 1, 8, 168.13, 47.59, 1, 1, 8, 155.97, 50.32, 1, 1, 8, 144.21, 45.81, 1, 1, 8, 135.48, 36.52, 1, 1, 8, 131.34, 47.68, 1, 1, 8, 120.98, 60.74, 1, 1, 8, 108.84, 72.67, 1, 1, 8, 82.79, 84.15, 1, 1, 8, 65.62999, 82.9, 1, 1, 8, 54.85, 78.16, 1, 1, 8, 30.14, 84.23, 1, 1, 8, 10.01, 81.08, 1, 1, 8, 3.23, 75.96, 1, 1, 8, 2.07, 63.95, 1, 2, 5, 26.59, 11.44, 0.72, 8, -13.71, 17.7, 0.27998, 1, 1, 375.75, -44.05, 1, 1, 3, 109.24, 61.41, 1, 1, 3, 97.46, -0.91, 1, 1, 3, 75.76, -19.84, 1, 1, 3, 41.43, -28.02, 1, 1, 3, 7.34, -9.04, 1, 1, 3, -5.93, 24.14, 1, 1, 3, 9.45, 54.03, 1, 1, 3, -14.2, 6.17, 1, 2, 3, -14.26, -12.65, 0.64999, 4, 4.54, -17.79999, 0.35, 1, 3, 35.03, 15.73, 1, 1, 3, 72.36, 43.57, 1, 1, 3, 83.87999, 23.27, 1, 1, 3, 35.56, 51.9, 1, 1, 3, 50.09, 3.12, 1, 1, 3, 27.72, -52.65, 1 ],
				"hull": 129
			}
		},
		"left_hair": {
			"left_hair": {
				"type": "skinnedmesh",
				"uvs": [ 1, 0.31834, 0.9271, 0.44154, 0.78935, 0.53114, 0.67521, 0.45274, 0.54533, 0.40234, 0.43513, 0.43034, 0.37609, 0.54794, 0.32099, 0.69354, 0.22654, 0.74394, 0.15176, 0.79434, 0.10453, 0.85034, 0.07698, 0.91754, 0.04943, 1, 0, 1, 0, 0.91754, 0, 0.78314, 0, 0.64874, 0.04943, 0.53674, 0.1124, 0.44714, 0.18718, 0.35754, 0.28557, 0.31834, 0.3879, 0.28474, 0.5532, 0.28474, 0.68308, 0.29594, 0.77754, 0.35754, 0.86806, 0.33514, 0.91529, 0.21194, 0.91529, 0.10554, 0.93497, 0, 1, 0, 1, 0.12234, 1, 0.21754 ],
				"triangles": [ 11, 12, 14, 12, 13, 14, 11, 14, 10, 14, 15, 10, 10, 15, 9, 8, 9, 16, 9, 15, 16, 7, 8, 17, 8, 16, 17, 17, 18, 7, 7, 18, 6, 18, 19, 6, 19, 20, 6, 6, 20, 5, 3, 24, 2, 1, 24, 25, 1, 2, 24, 3, 23, 24, 3, 4, 23, 1, 25, 0, 20, 21, 5, 5, 21, 4, 4, 22, 23, 4, 21, 22, 25, 26, 0, 26, 31, 0, 26, 30, 31, 26, 27, 30, 30, 27, 29, 27, 28, 29 ],
				"vertices": [ 2, 11, 26.48, 24.62, 1, 32, -169.55, 146.52, 0, 2, 11, 54.06, 18.82, 1, 32, -141.41, 144.95, 0, 3, 11, 84.1, -3.97, 0.01174, 19, 7.35, 14.41, 0.98825, 32, -108.28, 126.94, 0, 2, 19, 38.39, 8.71, 1, 32, -102.18, 95.97, 0, 3, 19, 71.91, 8.76, 0.40075, 26, 3.13, 8.16, 0.59924, 32, -89.82, 64.82, 0, 3, 26, 30.88, 10.86, 0.96124, 28, -15.27, 18.76, 0.03875, 32, -69.42, 45.82, 0, 4, 26, 47.17, 30.21, 0.21043, 28, 7.65, 29.45, 0.71296, 30, -25.88, 33.84, 0.07616, 32, -44.14, 46.42, 4.3E-4, 5, 26, 62.87, 54.52, 6.5E-4, 28, 32.13, 44.88, 0.50436, 30, 0.69, 45.28, 0.43112, 32, -15.53, 50.75, 0.06148, 34, -25.61, 57.88, 0.00236, 5, 28, 56.94, 40.98, 0.13752, 30, 24.6, 37.57, 0.48856, 32, 5.64, 37.24, 0.28597, 34, -7.97, 40, 0.08727, 36, -11.28, 48.66, 6.6E-4, 5, 28, 77.49, 39.5, 0.00791, 30, 44.67, 32.91, 0.14248, 32, 23.87, 27.64, 0.32934, 34, 7.66, 26.59, 0.42135, 36, -2.36999, 30.08, 0.0989, 4, 30, 59.98, 33.28, 0.01368, 32, 38.77, 24.12, 0.05553, 34, 21.4, 19.85, 0.41241, 36, 7.47, 18.36, 0.51836, 4, 30, 72.66, 38.23, 4.0E-5, 32, 52.3, 25.7, 3.6E-4, 34, 34.93999, 18.37, 0.03984, 36, 19.26, 11.55, 0.95975, 1, 36, 33.72, 4.75, 1, 1, 36, 33.77, -7.54, 1, 1, 36, 19.34, -7.61, 1, 3, 28, 109.43, 19.2, 0, 34, 21.27, -8.71, 0.7004, 36, -4.17, -7.71, 0.29959, 3, 28, 97.85, -1.27, 0, 32, 26.19, -17.86, 0.50675, 34, -0.2, -18.29, 0.49324, 3, 30, 36.62, -18.23, 0.32312, 32, 3.13, -19.79, 0.66334, 34, -23.11, -15.04, 0.01353, 4, 28, 56.13, -18.20999, 0.08674, 30, 14.59, -20.77, 0.83913, 32, -18.82, -16.67, 0.07395, 34, -43.82, -7.11, 1.6E-4, 4, 28, 32.2, -22.7, 0.74704, 30, -9.72999, -21.49, 0.25288, 32, -42.54, -11.19, 3.0E-5, 34, -65.73, 3.5, 3.0E-5, 4, 26, 66.44, -11.62, 0.09535, 28, 7.5, -16.61, 0.90464, 32, -62.73, 4.27, 0, 34, -81.97, 23.07, 0, 2, 26, 40.58, -15.46, 0.97344, 28, -17.57, -9.18999, 0.02655, 3, 11, 73.91, -76.17, 0, 19, 75.47, -11.6, 0.43912, 26, -0.44, -12.19, 0.56087, 1, 19, 43.76, -18.26, 1, 2, 11, 58.72, -20.93, 0.16162, 19, 18.23, -14.09, 0.83837, 3, 11, 44.6, -2.92, 0.99826, 19, -2.46, -23.84, 0.00173, 32, -147.47, 122.02, 0, 2, 11, 20.04999, -2.76, 1, 32, -171.78, 118.47, 0, 2, 11, 3.64, -11.56, 0.99999, 19, -3.16, -65.69999, 0, 2, 11, -14.94, -15.98, 0.99999, 19, -3, -84.81, 0, 1, 11, -22.6, -1.71, 1, 2, 11, -3.73, 8.39999, 1, 32, -196.98, 125.92, 0, 2, 11, 10.94, 16.28, 1, 32, -183.66, 135.93, 0 ],
				"hull": 32
			}
		},
		"mouth": {
			"mouth": {
				"type": "skinnedmesh",
				"uvs": [ 1, 1, 0, 1, 0, 0, 1, 0 ],
				"triangles": [ 1, 2, 3, 1, 3, 0 ],
				"vertices": [ 1, 12, -15.79, -11.01, 1, 1, 12, -4.73999, 21.13, 1, 1, 12, 17, 13.66, 1, 1, 12, 5.95, -18.49, 1 ],
				"hull": 4
			}
		},
		"right_hair": {
			"right_hair": {
				"type": "skinnedmesh",
				"uvs": [ 0, 0.06072, 0.04706, 0.12346, 0.0943, 0.18934, 0.13366, 0.25836, 0.20845, 0.33365, 0.2793, 0.39639, 0.37378, 0.46227, 0.43676, 0.49677, 0.53516, 0.52501, 0.64144, 0.54069, 0.73198, 0.56579, 0.80283, 0.61912, 0.81464, 0.68186, 0.81071, 0.75401, 0.78709, 0.81362, 0.74379, 0.86381, 0.669, 0.90145, 0.60602, 0.92655, 0.49974, 0.94851, 0.44857, 0.97988, 0.55485, 1, 0.65719, 0.98929, 0.76347, 0.97674, 0.85401, 0.96106, 0.95241, 0.92969, 1, 0.87636, 1, 0.78225, 1, 0.70068, 1, 0.63481, 0.94454, 0.57206, 0.81464, 0.4905, 0.70443, 0.4309, 0.56665, 0.39639, 0.47612, 0.37443, 0.38952, 0.33992, 0.29899, 0.28659, 0.23994, 0.21444, 0.19271, 0.16738, 0.14941, 0.09837, 0.11398, 0.02622, 0.09036, 0, 0, 0 ],
				"triangles": [ 0, 41, 40, 39, 1, 0, 39, 0, 40, 1, 39, 38, 2, 1, 38, 2, 38, 37, 3, 2, 37, 3, 37, 36, 4, 3, 36, 4, 36, 35, 5, 4, 35, 5, 35, 34, 6, 5, 34, 6, 34, 33, 7, 6, 33, 8, 33, 32, 9, 8, 32, 7, 33, 8, 31, 9, 32, 10, 31, 30, 9, 31, 10, 11, 10, 30, 11, 30, 29, 12, 11, 29, 12, 29, 28, 27, 12, 28, 13, 12, 27, 13, 27, 26, 14, 13, 26, 25, 14, 26, 24, 14, 25, 23, 14, 24, 15, 14, 23, 22, 15, 23, 16, 15, 22, 21, 17, 16, 21, 16, 22, 20, 18, 17, 20, 17, 21, 19, 18, 20 ],
				"vertices": [ 2, 13, 3.9, -9.63, 1, 33, -109.48, 41.41999, 0, 3, 13, 18.27, -8.74, 0.74757, 20, -4.51, -8.64999, 0.25242, 33, -98.33, 32.3, 0, 3, 13, 33.21, -8.12, 0.0083, 20, 10.43, -8.72999, 0.99168, 29, -45.68, 1.04, 0, 4, 20, 25.29, -10.18999, 0.58714, 27, -3.07, -9.85999, 0.41276, 29, -32.23, -5.44, 8.0E-5, 33, -76.51, 11.92, 0, 3, 27, 15.8, -11.11, 0.97941, 29, -13.72, -9.33, 0.02058, 33, -60.43, 1.96, 0, 3, 27, 32.43, -11.17, 0.28557, 29, 2.73, -11.72, 0.71442, 33, -45.77, -5.88, 0, 2, 29, 22.44, -12.21, 0.50684, 31, -2.92, -12.07, 0.49315, 4, 27, 63.69, -6.12, 4.0E-5, 29, 34.39, -11.11, 0.07178, 31, 8.6, -15.38, 0.89446, 33, -15.8, -16.09, 0.03371, 3, 27, 78.18, 1.59, 0, 31, 25.02, -15.75, 0.49893, 33, 0.62, -16.07, 0.50105, 4, 27, 91.68, 11.89, 0, 31, 41.83, -13.38, 0.01516, 33, 17.36, -13.31, 0.72519, 35, -2.39, -13.88, 0.25964, 3, 33, 32.41, -13.13, 0.04532, 35, 12.4, -11.13, 0.80794, 37, -2.74, -13.52, 0.14672, 3, 35, 27.27, -14.74, 0.06539, 37, 12.22, -10.34, 0.83086, 38, -3.39, -16.09, 0.10373, 3, 37, 23.44, -15.84, 0.25601, 38, 8.74, -13.12, 0.69946, 39, -9.22, -14.48, 0.04451, 4, 37, 34.79, -24.43, 0.00283, 38, 22.95, -12.45, 0.26584, 39, 4.73999, -11.82, 0.71603, 40, -7.47, -21.51, 0.01528, 3, 39, 17.02, -12.73, 0.66549, 40, 2.53, -14.34, 0.33118, 41, -11.68, -18.33, 0.00332, 3, 39, 28.21, -17.08, 0.06528, 40, 13.91, -10.51, 0.6519, 41, -1.83, -11.48, 0.28279, 3, 40, 27.75, -11.63, 0.0237, 41, 11.76, -8.68, 0.97076, 42, -12.42, -8.64, 0.00553, 2, 41, 22.76, -7.54, 0.61268, 42, -1.43, -7.5, 0.38731, 1, 42, 15.7, -9.33, 1, 1, 42, 25.4, -6.38, 1, 1, 42, 11.18, 3.2, 1, 2, 41, 19.6, 6.85, 0.84248, 42, -4.59, 6.89, 0.15751, 2, 40, 24.79, 9.13, 0.33635, 41, 3.11, 10.42, 0.66364, 3, 39, 42.88, 4.14, 0.08894, 40, 11.56, 15.19, 0.831, 41, -11.27, 12.54, 0.08005, 2, 39, 33.33, 17.77, 0.5058, 40, -4.48999, 19.52, 0.49419, 3, 38, 44.26, 19.32, 0.00815, 39, 21.39, 22.63, 0.76909, 40, -16.78, 15.6, 0.22275, 3, 38, 25.8, 17.64, 0.28674, 39, 3.34, 18.37, 0.7031, 40, -27.9, 0.77, 0.01014, 3, 37, 43.04, 5.99, 0.0354, 38, 9.8, 16.18, 0.81705, 39, -12.29, 14.69, 0.14753, 3, 37, 32.36, 13.37, 0.36708, 38, -3.12, 15.01, 0.63163, 39, -24.92, 11.71, 0.00127, 2, 37, 17.24, 13.23, 0.90436, 38, -14.64, 5.21999, 0.09563, 3, 31, 64.48, 4.62, 0, 35, 16.32, 8.18, 0.86588, 37, -7.57, 5.59, 0.13411, 3, 33, 19.32, 10.39, 0.7302, 35, -4.52, 9.81, 0.26957, 37, -27.07, -1.97, 2.2E-4, 3, 31, 21.66, 9.84, 0.6449, 33, -3.33, 9.43, 0.35507, 37, -44.96, -15.9, 0, 3, 29, 23.72, 11.37, 0.1886, 31, 6.81, 9.43, 0.81008, 33, -18.17, 8.67, 0.0013, 2, 27, 35.8, 9.12, 0.00248, 29, 8.92, 7.89, 0.99751, 2, 27, 18.46999, 5.64, 0.96829, 29, -8.72, 6.88, 0.0317, 3, 20, 26.16, 8.57, 0.45438, 27, 1.71, 8.31, 0.54561, 33, -63.76, 25.73, 0, 1, 20, 14.42, 6.8, 1, 3, 13, 21.27, 7.79, 0.61308, 20, -0.75, 7.72, 0.3869, 33, -84.89, 42.41, 0, 3, 13, 6.08, 9.38, 1, 29, -63.87, 27.73, 0, 33, -94.95, 53.89, 0, 3, 13, -0.2, 8.46, 1, 29, -70.01999, 29.33, 0, 33, -100.2, 57.49, 0, 1, 13, -6.72, -4.13, 1 ],
				"hull": 42
			}
		}
	}
},
"animations": {
	"animation": {
		"bones": {
			"root": {
				"rotate": [
					{ "time": 0, "angle": 0, "curve": "stepped" },
					{ "time": 3.3333, "angle": 0 }
				],
				"translate": [
					{ "time": 0, "x": 0, "y": 0, "curve": "stepped" },
					{ "time": 3.3333, "x": 0, "y": 0 }
				],
				"scale": [
					{ "time": 0, "x": 1, "y": 1, "curve": "stepped" },
					{ "time": 3.3333, "x": 1, "y": 1 }
				]
			},
			"bone": {
				"rotate": [
					{ "time": 0, "angle": 0, "curve": "stepped" },
					{ "time": 3.3333, "angle": 0 }
				],
				"translate": [
					{ "time": 0, "x": 0, "y": 0, "curve": "stepped" },
					{ "time": 3.3333, "x": 0, "y": 0 }
				],
				"scale": [
					{ "time": 0, "x": 1, "y": 1 },
					{ "time": 1.6666, "x": 0.98, "y": 1 },
					{ "time": 3.3333, "x": 1, "y": 1 }
				]
			},
			"bone2": {
				"rotate": [
					{ "time": 0, "angle": 0, "curve": "stepped" },
					{ "time": 3.3333, "angle": 0 }
				],
				"translate": [
					{ "time": 0, "x": 0, "y": 0, "curve": "stepped" },
					{ "time": 3.3333, "x": 0, "y": 0 }
				],
				"scale": [
					{ "time": 0, "x": 1, "y": 1, "curve": "stepped" },
					{ "time": 3.3333, "x": 1, "y": 1 }
				]
			},
			"bone3": {
				"rotate": [
					{ "time": 0, "angle": 0 },
					{ "time": 1.6666, "angle": 2.24 },
					{ "time": 3.3333, "angle": 0 }
				],
				"translate": [
					{ "time": 0, "x": 0, "y": 0, "curve": "stepped" },
					{ "time": 3.3333, "x": 0, "y": 0 }
				],
				"scale": [
					{ "time": 0, "x": 1, "y": 1, "curve": "stepped" },
					{ "time": 3.3333, "x": 1, "y": 1 }
				]
			},
			"bone18": {
				"rotate": [
					{ "time": 0, "angle": 0, "curve": "stepped" },
					{ "time": 3.3333, "angle": 0 }
				],
				"translate": [
					{ "time": 0, "x": 0, "y": 0, "curve": "stepped" },
					{ "time": 3.3333, "x": 0, "y": 0 }
				],
				"scale": [
					{ "time": 0, "x": 1, "y": 1, "curve": "stepped" },
					{ "time": 3.3333, "x": 1, "y": 1 }
				]
			},
			"bone4": {
				"rotate": [
					{ "time": 0, "angle": 0, "curve": "stepped" },
					{ "time": 3.3333, "angle": 0 }
				],
				"translate": [
					{ "time": 0, "x": 0, "y": 0, "curve": "stepped" },
					{ "time": 3.3333, "x": 0, "y": 0 }
				],
				"scale": [
					{ "time": 0, "x": 1, "y": 1, "curve": "stepped" },
					{ "time": 3.3333, "x": 1, "y": 1 }
				]
			},
			"bone6": {
				"rotate": [
					{ "time": 0, "angle": 0 },
					{ "time": 1.6666, "angle": 6.52 },
					{ "time": 3.3333, "angle": 0 }
				],
				"translate": [
					{ "time": 0, "x": 0, "y": 0, "curve": "stepped" },
					{ "time": 3.3333, "x": 0, "y": 0 }
				],
				"scale": [
					{ "time": 0, "x": 1, "y": 1, "curve": "stepped" },
					{ "time": 3.3333, "x": 1, "y": 1 }
				]
			},
			"bone19": {
				"rotate": [
					{ "time": 0, "angle": 0 },
					{ "time": 1.6666, "angle": -8.36 },
					{ "time": 3.3333, "angle": 0 }
				],
				"translate": [
					{ "time": 0, "x": 0, "y": 0, "curve": "stepped" },
					{ "time": 3.3333, "x": 0, "y": 0 }
				],
				"scale": [
					{ "time": 0, "x": 1, "y": 1, "curve": "stepped" },
					{ "time": 3.3333, "x": 1, "y": 1 }
				]
			},
			"bone5": {
				"rotate": [
					{ "time": 0, "angle": 0 },
					{ "time": 1.6666, "angle": -2.24 },
					{ "time": 3.3333, "angle": 0 }
				],
				"translate": [
					{ "time": 0, "x": 0, "y": 0, "curve": "stepped" },
					{ "time": 3.3333, "x": 0, "y": 0 }
				],
				"scale": [
					{ "time": 0, "x": 1, "y": 1, "curve": "stepped" },
					{ "time": 3.3333, "x": 1, "y": 1 }
				]
			},
			"bone7": {
				"rotate": [
					{ "time": 0, "angle": 0 },
					{ "time": 1.6666, "angle": -5.81 },
					{ "time": 3.3333, "angle": 0 }
				],
				"translate": [
					{ "time": 0, "x": 0, "y": 0, "curve": "stepped" },
					{ "time": 3.3333, "x": 0, "y": 0 }
				],
				"scale": [
					{ "time": 0, "x": 1, "y": 1, "curve": "stepped" },
					{ "time": 3.3333, "x": 1, "y": 1 }
				]
			},
			"bone20": {
				"rotate": [
					{ "time": 0, "angle": 0, "curve": "stepped" },
					{ "time": 3.3333, "angle": 0 }
				],
				"translate": [
					{ "time": 0, "x": 0, "y": 0, "curve": "stepped" },
					{ "time": 3.3333, "x": 0, "y": 0 }
				],
				"scale": [
					{ "time": 0, "x": 1, "y": 1, "curve": "stepped" },
					{ "time": 3.3333, "x": 1, "y": 1 }
				]
			},
			"bone21": {
				"rotate": [
					{ "time": 0, "angle": 0, "curve": "stepped" },
					{ "time": 3.3333, "angle": 0 }
				],
				"translate": [
					{ "time": 0, "x": 0, "y": 0, "curve": "stepped" },
					{ "time": 3.3333, "x": 0, "y": 0 }
				],
				"scale": [
					{ "time": 0, "x": 1, "y": 1, "curve": "stepped" },
					{ "time": 3.3333, "x": 1, "y": 1 }
				]
			},
			"bone29": {
				"rotate": [
					{ "time": 0, "angle": 0, "curve": "stepped" },
					{ "time": 3.3333, "angle": 0 }
				],
				"translate": [
					{ "time": 0, "x": 0, "y": 0, "curve": "stepped" },
					{ "time": 3.3333, "x": 0, "y": 0 }
				],
				"scale": [
					{ "time": 0, "x": 1, "y": 1 },
					{ "time": 1.6666, "x": 0.674, "y": 1 },
					{ "time": 3.3333, "x": 1, "y": 1 }
				]
			},
			"bone30": {
				"rotate": [
					{ "time": 0, "angle": 0, "curve": "stepped" },
					{ "time": 3.3333, "angle": 0 }
				],
				"translate": [
					{ "time": 0, "x": 0, "y": 0, "curve": "stepped" },
					{ "time": 3.3333, "x": 0, "y": 0 }
				],
				"scale": [
					{ "time": 0, "x": 1, "y": 1, "curve": "stepped" },
					{ "time": 3.3333, "x": 1, "y": 1 }
				]
			},
			"bone8": {
				"rotate": [
					{ "time": 0, "angle": 0 },
					{ "time": 1.6666, "angle": -5.22 },
					{ "time": 3.3333, "angle": 0 }
				],
				"translate": [
					{ "time": 0, "x": 0, "y": 0, "curve": "stepped" },
					{ "time": 3.3333, "x": 0, "y": 0 }
				],
				"scale": [
					{ "time": 0, "x": 1, "y": 1, "curve": "stepped" },
					{ "time": 3.3333, "x": 1, "y": 1 }
				]
			},
			"bone11": {
				"rotate": [
					{ "time": 0, "angle": 0, "curve": "stepped" },
					{ "time": 3.3333, "angle": 0 }
				],
				"translate": [
					{ "time": 0, "x": 0, "y": 0, "curve": "stepped" },
					{ "time": 3.3333, "x": 0, "y": 0 }
				],
				"scale": [
					{ "time": 0, "x": 1, "y": 1, "curve": "stepped" },
					{ "time": 3.3333, "x": 1, "y": 1 }
				]
			},
			"bone13": {
				"rotate": [
					{ "time": 0, "angle": 0 },
					{ "time": 1.6666, "angle": -5.15 },
					{ "time": 3.3333, "angle": 0 }
				],
				"translate": [
					{ "time": 0, "x": 0, "y": 0, "curve": "stepped" },
					{ "time": 3.3333, "x": 0, "y": 0 }
				],
				"scale": [
					{ "time": 0, "x": 1, "y": 1, "curve": "stepped" },
					{ "time": 3.3333, "x": 1, "y": 1 }
				]
			},
			"bone15": {
				"rotate": [
					{ "time": 0, "angle": 0 },
					{ "time": 1.6666, "angle": -15.48 },
					{ "time": 3.3333, "angle": 0 }
				],
				"translate": [
					{ "time": 0, "x": 0, "y": 0, "curve": "stepped" },
					{ "time": 3.3333, "x": 0, "y": 0 }
				],
				"scale": [
					{ "time": 0, "x": 1, "y": 1, "curve": "stepped" },
					{ "time": 3.3333, "x": 1, "y": 1 }
				]
			},
			"bone17": {
				"rotate": [
					{ "time": 0, "angle": 0 },
					{ "time": 1.1666, "angle": -8.36 },
					{ "time": 3.3333, "angle": 0 }
				],
				"translate": [
					{ "time": 0, "x": 0, "y": 0, "curve": "stepped" },
					{ "time": 3.3333, "x": 0, "y": 0 }
				],
				"scale": [
					{ "time": 0, "x": 1, "y": 1, "curve": "stepped" },
					{ "time": 3.3333, "x": 1, "y": 1 }
				]
			},
			"bone22": {
				"rotate": [
					{ "time": 0, "angle": 0 },
					{ "time": 1.6666, "angle": 1.6 },
					{ "time": 3.3333, "angle": 0 }
				],
				"translate": [
					{ "time": 0, "x": 0, "y": 0, "curve": "stepped" },
					{ "time": 3.3333, "x": 0, "y": 0 }
				],
				"scale": [
					{ "time": 0, "x": 1, "y": 1, "curve": "stepped" },
					{ "time": 3.3333, "x": 1, "y": 1 }
				]
			},
			"bone31": {
				"rotate": [
					{ "time": 0, "angle": 0, "curve": "stepped" },
					{ "time": 3.3333, "angle": 0 }
				],
				"translate": [
					{ "time": 0, "x": 0, "y": 0, "curve": "stepped" },
					{ "time": 3.3333, "x": 0, "y": 0 }
				],
				"scale": [
					{ "time": 0, "x": 1, "y": 1, "curve": "stepped" },
					{ "time": 3.3333, "x": 1, "y": 1 }
				]
			},
			"bone9": {
				"rotate": [
					{ "time": 0, "angle": 0 },
					{ "time": 1.6666, "angle": 8.27 },
					{ "time": 3.3333, "angle": 0 }
				],
				"translate": [
					{ "time": 0, "x": 0, "y": 0, "curve": "stepped" },
					{ "time": 3.3333, "x": 0, "y": 0 }
				],
				"scale": [
					{ "time": 0, "x": 1, "y": 1, "curve": "stepped" },
					{ "time": 3.3333, "x": 1, "y": 1 }
				]
			},
			"bone10": {
				"rotate": [
					{ "time": 0, "angle": 0 },
					{ "time": 1.6666, "angle": 5.47 },
					{ "time": 3.3333, "angle": 0 }
				],
				"translate": [
					{ "time": 0, "x": 0, "y": 0, "curve": "stepped" },
					{ "time": 3.3333, "x": 0, "y": 0 }
				],
				"scale": [
					{ "time": 0, "x": 1, "y": 1, "curve": "stepped" },
					{ "time": 3.3333, "x": 1, "y": 1 }
				]
			},
			"bone12": {
				"rotate": [
					{ "time": 0, "angle": 0 },
					{ "time": 1.6666, "angle": 6.17 },
					{ "time": 3.3333, "angle": 0 }
				],
				"translate": [
					{ "time": 0, "x": 0, "y": 0, "curve": "stepped" },
					{ "time": 3.3333, "x": 0, "y": 0 }
				],
				"scale": [
					{ "time": 0, "x": 1, "y": 1, "curve": "stepped" },
					{ "time": 3.3333, "x": 1, "y": 1 }
				]
			},
			"bone14": {
				"rotate": [
					{ "time": 0, "angle": 0, "curve": "stepped" },
					{ "time": 3.3333, "angle": 0 }
				],
				"translate": [
					{ "time": 0, "x": 0, "y": 0, "curve": "stepped" },
					{ "time": 3.3333, "x": 0, "y": 0 }
				],
				"scale": [
					{ "time": 0, "x": 1, "y": 1, "curve": "stepped" },
					{ "time": 3.3333, "x": 1, "y": 1 }
				]
			},
			"bone16": {
				"rotate": [
					{ "time": 0, "angle": 0, "curve": "stepped" },
					{ "time": 3.3333, "angle": 0 }
				],
				"translate": [
					{ "time": 0, "x": 0, "y": 0, "curve": "stepped" },
					{ "time": 3.3333, "x": 0, "y": 0 }
				],
				"scale": [
					{ "time": 0, "x": 1, "y": 1, "curve": "stepped" },
					{ "time": 3.3333, "x": 1, "y": 1 }
				]
			},
			"bone23": {
				"rotate": [
					{ "time": 0, "angle": 0, "curve": "stepped" },
					{ "time": 3.3333, "angle": 0 }
				],
				"translate": [
					{ "time": 0, "x": 0, "y": 0, "curve": "stepped" },
					{ "time": 3.3333, "x": 0, "y": 0 }
				],
				"scale": [
					{ "time": 0, "x": 1, "y": 1, "curve": "stepped" },
					{ "time": 3.3333, "x": 1, "y": 1 }
				]
			},
			"bone32": {
				"rotate": [
					{ "time": 0, "angle": 0, "curve": "stepped" },
					{ "time": 3.3333, "angle": 0 }
				],
				"translate": [
					{ "time": 0, "x": 0, "y": 0, "curve": "stepped" },
					{ "time": 3.3333, "x": 0, "y": 0 }
				],
				"scale": [
					{ "time": 0, "x": 1, "y": 1, "curve": "stepped" },
					{ "time": 3.3333, "x": 1, "y": 1 }
				]
			},
			"bone24": {
				"rotate": [
					{ "time": 0, "angle": 0 },
					{ "time": 1.6666, "angle": 2.97 },
					{ "time": 3.3333, "angle": 0 }
				],
				"translate": [
					{ "time": 0, "x": 0, "y": 0, "curve": "stepped" },
					{ "time": 3.3333, "x": 0, "y": 0 }
				],
				"scale": [
					{ "time": 0, "x": 1, "y": 1, "curve": "stepped" },
					{ "time": 3.3333, "x": 1, "y": 1 }
				]
			},
			"bone33": {
				"rotate": [
					{ "time": 0, "angle": 0, "curve": "stepped" },
					{ "time": 3.3333, "angle": 0 }
				],
				"translate": [
					{ "time": 0, "x": 0, "y": 0, "curve": "stepped" },
					{ "time": 3.3333, "x": 0, "y": 0 }
				],
				"scale": [
					{ "time": 0, "x": 1, "y": 1, "curve": "stepped" },
					{ "time": 3.3333, "x": 1, "y": 1 }
				]
			},
			"bone25": {
				"rotate": [
					{ "time": 0, "angle": 0 },
					{ "time": 1.6666, "angle": 2.97 },
					{ "time": 3.3333, "angle": 0 }
				],
				"translate": [
					{ "time": 0, "x": 0, "y": 0, "curve": "stepped" },
					{ "time": 3.3333, "x": 0, "y": 0 }
				],
				"scale": [
					{ "time": 0, "x": 1, "y": 1, "curve": "stepped" },
					{ "time": 3.3333, "x": 1, "y": 1 }
				]
			},
			"bone34": {
				"rotate": [
					{ "time": 0, "angle": 0, "curve": "stepped" },
					{ "time": 3.3333, "angle": 0 }
				],
				"translate": [
					{ "time": 0, "x": 0, "y": 0, "curve": "stepped" },
					{ "time": 3.3333, "x": 0, "y": 0 }
				],
				"scale": [
					{ "time": 0, "x": 1, "y": 1, "curve": "stepped" },
					{ "time": 3.3333, "x": 1, "y": 1 }
				]
			},
			"bone26": {
				"rotate": [
					{ "time": 0, "angle": 0 },
					{ "time": 1.6666, "angle": 2.97 },
					{ "time": 3.3333, "angle": 0 }
				],
				"translate": [
					{ "time": 0, "x": 0, "y": 0, "curve": "stepped" },
					{ "time": 3.3333, "x": 0, "y": 0 }
				],
				"scale": [
					{ "time": 0, "x": 1, "y": 1, "curve": "stepped" },
					{ "time": 3.3333, "x": 1, "y": 1 }
				]
			},
			"bone35": {
				"rotate": [
					{ "time": 0, "angle": 0, "curve": "stepped" },
					{ "time": 3.3333, "angle": 0 }
				],
				"translate": [
					{ "time": 0, "x": 0, "y": 0, "curve": "stepped" },
					{ "time": 3.3333, "x": 0, "y": 0 }
				],
				"scale": [
					{ "time": 0, "x": 1, "y": 1, "curve": "stepped" },
					{ "time": 3.3333, "x": 1, "y": 1 }
				]
			},
			"bone27": {
				"rotate": [
					{ "time": 0, "angle": 0 },
					{ "time": 1.6666, "angle": 2.97 },
					{ "time": 3.3333, "angle": 0 }
				],
				"translate": [
					{ "time": 0, "x": 0, "y": 0, "curve": "stepped" },
					{ "time": 3.3333, "x": 0, "y": 0 }
				],
				"scale": [
					{ "time": 0, "x": 1, "y": 1, "curve": "stepped" },
					{ "time": 3.3333, "x": 1, "y": 1 }
				]
			},
			"bone36": {
				"rotate": [
					{ "time": 0, "angle": 0, "curve": "stepped" },
					{ "time": 3.3333, "angle": 0 }
				],
				"translate": [
					{ "time": 0, "x": 0, "y": 0, "curve": "stepped" },
					{ "time": 3.3333, "x": 0, "y": 0 }
				],
				"scale": [
					{ "time": 0, "x": 1, "y": 1, "curve": "stepped" },
					{ "time": 3.3333, "x": 1, "y": 1 }
				]
			},
			"bone28": {
				"rotate": [
					{ "time": 0, "angle": 0 },
					{ "time": 1.6666, "angle": 2.97 },
					{ "time": 3.3333, "angle": 0 }
				],
				"translate": [
					{ "time": 0, "x": 0, "y": 0, "curve": "stepped" },
					{ "time": 3.3333, "x": 0, "y": 0 }
				],
				"scale": [
					{ "time": 0, "x": 1, "y": 1, "curve": "stepped" },
					{ "time": 3.3333, "x": 1, "y": 1 }
				]
			},
			"bone37": {
				"rotate": [
					{ "time": 0, "angle": 0 },
					{ "time": 1.9666, "angle": -3.46 },
					{ "time": 3.3333, "angle": 0 }
				],
				"translate": [
					{ "time": 0, "x": 0, "y": 0, "curve": "stepped" },
					{ "time": 3.3333, "x": 0, "y": 0 }
				],
				"scale": [
					{ "time": 0, "x": 1, "y": 1, "curve": "stepped" },
					{ "time": 3.3333, "x": 1, "y": 1 }
				]
			},
			"bone38": {
				"rotate": [
					{ "time": 0, "angle": 0 },
					{ "time": 1.9666, "angle": -3.46 },
					{ "time": 3.3333, "angle": 0 }
				],
				"translate": [
					{ "time": 0, "x": 0, "y": 0, "curve": "stepped" },
					{ "time": 3.3333, "x": 0, "y": 0 }
				],
				"scale": [
					{ "time": 0, "x": 1, "y": 1, "curve": "stepped" },
					{ "time": 3.3333, "x": 1, "y": 1 }
				]
			},
			"bone39": {
				"rotate": [
					{ "time": 0, "angle": 0 },
					{ "time": 1.9666, "angle": -3.46 },
					{ "time": 3.3333, "angle": 0 }
				],
				"translate": [
					{ "time": 0, "x": 0, "y": 0, "curve": "stepped" },
					{ "time": 3.3333, "x": 0, "y": 0 }
				],
				"scale": [
					{ "time": 0, "x": 1, "y": 1, "curve": "stepped" },
					{ "time": 3.3333, "x": 1, "y": 1 }
				]
			},
			"bone40": {
				"rotate": [
					{ "time": 0, "angle": 0 },
					{ "time": 1.9666, "angle": -3.46 },
					{ "time": 3.3333, "angle": 0 }
				],
				"translate": [
					{ "time": 0, "x": 0, "y": 0, "curve": "stepped" },
					{ "time": 3.3333, "x": 0, "y": 0 }
				],
				"scale": [
					{ "time": 0, "x": 1, "y": 1, "curve": "stepped" },
					{ "time": 3.3333, "x": 1, "y": 1 }
				]
			},
			"bone41": {
				"rotate": [
					{ "time": 0, "angle": 0 },
					{ "time": 1.9666, "angle": -3.46 },
					{ "time": 3.3333, "angle": 0 }
				],
				"translate": [
					{ "time": 0, "x": 0, "y": 0, "curve": "stepped" },
					{ "time": 3.3333, "x": 0, "y": 0 }
				],
				"scale": [
					{ "time": 0, "x": 1, "y": 1, "curve": "stepped" },
					{ "time": 3.3333, "x": 1, "y": 1 }
				]
			},
			"bone42": {
				"rotate": [
					{ "time": 0, "angle": 0 },
					{ "time": 1.9666, "angle": -3.46 },
					{ "time": 3.3333, "angle": 0 }
				],
				"translate": [
					{ "time": 0, "x": 0, "y": 0, "curve": "stepped" },
					{ "time": 3.3333, "x": 0, "y": 0 }
				],
				"scale": [
					{ "time": 0, "x": 1, "y": 1, "curve": "stepped" },
					{ "time": 3.3333, "x": 1, "y": 1 }
				]
			}
		}
	}
}
}