{
	"xuezhan":{
		"play_mode":"血战麻将",
		"base_rule":[
			{ "content":"基本规则：", "font":"Arial-BoldMT", "size":30, "color":{"rr":136, "gg":63, "bb":17} },
			{ "content" :"1、共108张牌，有筒、万、条三种花色，每种花色为9*4=36张牌。", "font":"Arial", "size":24, "color":{"rr":195, "gg":135, "bb":77}},
			{ "content" :"2、有碰牌、杠牌，没有吃牌。", "font":"Arial", "size":24, "color":{"rr":195, "gg":135, "bb":77}},
			{ "content" :"3、缺一门才可胡，即胡牌的时候不能有三种花色的牌。", "font":"Arial", "size":24, "color":{"rr":195, "gg":135, "bb":77}},
			{ "content" :"4、【刮风下雨】：明杠者收取点杠者2倍底分金币，蓄杠收取其他玩家1倍底分金币，暗杠收取其他玩家2倍底分金币。", "font":"Arial", "size":24, "color":{"rr":195, "gg":135, "bb":77}},
			{ "content" :"5、【退税】：牌局结束时玩家未听牌，则退回全部刮风下雨所得。", "font":"Arial", "size":24, "color":{"rr":195, "gg":135, "bb":77}},
			{ "content" :"6、【查花猪】：牌局结束时手牌还有缺牌的玩家为花猪，花猪赔给非花猪玩家封顶倍数(64倍)。", "font":"Arial", "size":24, "color":{"rr":195, "gg":135, "bb":77}},
			{ "content" :"7、【查大叫】：牌局结束时未听牌玩家（花猪不用）赔给听牌未胡牌玩家当前牌面的最大可能倍数。", "font":"Arial", "size":24, "color":{"rr":195, "gg":135, "bb":77}},
			{ "content" :"8、【呼叫转移】：玩家杠上炮后，需将自己杠牌所得转移给胡牌的玩家。", "font":"Arial", "size":24, "color":{"rr":195, "gg":135, "bb":77}},
			{ "content" :"9、【一炮多响】：点炮后多个玩家胡牌，点炮者与胡牌者单独结算。", "font":"Arial", "size":24, "color":{"rr":195, "gg":135, "bb":77}}
		],
		"base_sometype":[
			{ "content":"基本番型：", "font":"Arial-BoldMT", "size":30, "color":{"rr":136, "gg":63, "bb":17} },
			{ "content" :"基本番,不重复计算,只计最大番型。", "font":"Arial", "size":24, "color":{"rr":195, "gg":135, "bb":77}},
			{ "content" :"【平胡】×1，四坎牌加一对将。", "font":"Arial", "size":24, "color":{"rr":195, "gg":135, "bb":77}},
			{ "content" :[2,3,4,0,4,5,6,0,13,14,15,0,17,18,19,0,7,7]},
			{ "content" :"【对对胡】×2，四副刻子加一对将。", "font":"Arial", "size":24, "color":{"rr":195, "gg":135, "bb":77}},
			{ "content" :[1,1,1,0,3,3,3,0,4,4,4,0,16,16,16,0,17,17]},
			{ "content" :"【清一色】×4，平胡的手牌全部都是一个花色。", "font":"Arial", "size":24, "color":{"rr":195, "gg":135, "bb":77}},
			{ "content" :[1,2,3,0,1,2,3,0,4,5,6,0,7,8,9,0,9,9]},
			{ "content" :"【带幺九】×4，玩家手牌中的四坎牌和一对将都必须含有1或9。", "font":"Arial", "size":24, "color":{"rr":195, "gg":135, "bb":77}},
			{ "content" :[1,2,3,0,1,2,3,0,1,2,3,0,17,18,19,0,19,19]},
			{ "content" :"【七对】×4，玩家的手牌全部成对。", "font":"Arial", "size":24, "color":{"rr":195, "gg":135, "bb":77}},
			{ "content" :[1,1,0,3,3,0,4,4,0,6,6,0,15,15,0,17,17,0,19,19]},
			{ "content" :"【金钩钓】×4，玩家其他手牌均被碰牌或杠牌，外加一对将。算番时不再计对对胡。", "font":"Arial", "size":24, "color":{"rr":195, "gg":135, "bb":77}},
			{ "content" :[6,6,6,0,8,8,8,0,12,12,12,0,13,13,13,0,19,19]},
			{ "content" :"【清对】×8，清一色的对对胡。", "font":"Arial", "size":24, "color":{"rr":195, "gg":135, "bb":77}},
			{ "content" :[2,2,2,0,4,4,4,0,7,7,7,0,8,8,8,0,9,9]},
			{ "content" :"【龙七对】×8，玩家手牌没有碰过或杠过，有四张牌是一样的，其他牌成对叫龙七对。算番时不再计七对和一根。", "font":"Arial", "size":24, "color":{"rr":195, "gg":135, "bb":77}},
			{ "content" :[1,1,0,3,3,0,4,4,0,6,6,0,15,15,0,17,[17,17],17]},
			{ "content" :"【清七对】×16，玩家手上的牌是清一色的七对。算番时不再计清一色和七对。", "font":"Arial", "size":24, "color":{"rr":195, "gg":135, "bb":77}},
			{ "content" :[1,1,0,3,3,0,4,4,0,6,6,0,7,7,0,8,8,0,9,9]},
			{ "content" :"【清幺九】×16，清一色的幺九。", "font":"Arial", "size":24, "color":{"rr":195, "gg":135, "bb":77}},
			{ "content" :[1,2,3,0,1,2,3,0,1,2,3,0,7,8,9,0,9,9]},
			{ "content" :"【清金钩钓】×16，清一色的金钩钓。算番时不再计清一色、金钩钓、对对胡。", "font":"Arial", "size":24, "color":{"rr":195, "gg":135, "bb":77}},
			{ "content" :[1,1,1,0,2,2,2,0,4,4,4,0,6,6,6,0,8,8]},
			{ "content" :"【天胡】×32，庄家首次摸完牌后胡牌，叫天胡。", "font":"Arial", "size":24, "color":{"rr":195, "gg":135, "bb":77}},
			{ "content" :"【地胡】×32，闲家第一轮摸牌后就胡牌，叫地胡。", "font":"Arial", "size":24, "color":{"rr":195, "gg":135, "bb":77}},
			{ "content" :"【清龙七对】×32，清一色的龙七对，叫清龙七对。算番时不再计一根。", "font":"Arial", "size":24, "color":{"rr":195, "gg":135, "bb":77}},
			{ "content" :[1,1,0,3,3,0,4,4,0,6,6,0,7,7,0,8,[8,8],8]},
			{ "content" :"【十八罗汉】×64，若金钩钓牌型里有四个杠，共18张牌，则称为十八罗汉。算番时不再计四根、金钩钓、对对胡。", "font":"Arial", "size":24, "color":{"rr":195, "gg":135, "bb":77}},
			{ "content" :[2,[2,2],2,0,5,[5,5],5,0,15,[15,15],15,0,17,[17,17],17,0,19,19]},
			{ "content" :"【清十八罗汉】×256，清一色的十八罗汉。算番时不再计清一色、金钩钓、对对胡、四根。", "font":"Arial", "size":24, "color":{"rr":195, "gg":135, "bb":77}},
			{ "content" :[2,[2,2],2,0,5,[5,5],5,0,6,[6,6],6,0,8,[8,8],8,0,9,9]},
			{ "content" :""},
			{ "content" :"另加番：", "font":"Arial", "size":24, "color":{"rr":195, "gg":135, "bb":77}},
			{ "content" :"【杠上开花】×2，杠牌后补牌而胡。", "font":"Arial", "size":24, "color":{"rr":195, "gg":135, "bb":77}},
			{ "content" :"【杠上炮】×2，玩家杠牌后给其他玩家点炮。", "font":"Arial", "size":24, "color":{"rr":195, "gg":135, "bb":77}},
			{ "content" :"【抢杠胡】×2，玩家要杠牌时，他家可以抢杠而胡，且刮风下雨无效。", "font":"Arial", "size":24, "color":{"rr":195, "gg":135, "bb":77}},
			{ "content" :"【根】×2，四张一样的牌即为一根。", "font":"Arial", "size":24, "color":{"rr":195, "gg":135, "bb":77}},
			{ "content" :"【海底捞月】×2，摸到最后一张牌而胡。", "font":"Arial", "size":24, "color":{"rr":195, "gg":135, "bb":77}},
			{ "content" :"【海底炮】×2，摸到的最后一张牌打出时给其他玩家点炮。", "font":"Arial", "size":24, "color":{"rr":195, "gg":135, "bb":77}}
		],
		"special_rule":[
			{ "content":"特殊规则：", "font":"Arial-BoldMT", "size":30, "color":{"rr":136, "gg":63, "bb":17} },
			{ "content":"【换三张】" , "font":"Arial", "size":24, "color":{"rr":195, "gg":135, "bb":77}},
			{ "content":"抓牌之后每人要选出三张相同花色的牌与他人交换。换牌方式从顺时针、逆时针或对家互换三种方式中随机选定。" , "font":"Arial", "size":24, "color":{"rr":195, "gg":135, "bb":77}},
			{ "content":"【定缺】" , "font":"Arial", "size":24, "color":{"rr":195, "gg":135, "bb":77}},
			{ "content":"开始打牌之前，每位玩家都必须定一种花色的牌为缺牌。打牌时要把缺牌打出，没有缺牌才能胡。" , "font":"Arial", "size":24, "color":{"rr":195, "gg":135, "bb":77}}
		],
		"balance":[
			{ "content":"结算：", "font":"Arial-BoldMT", "size":30, "color":{"rr":136, "gg":63, "bb":17} },
			{ "content" :"在血战麻将游戏中，以金币做为游戏计分单位。血战麻将的金币计算，采用局中实时结算的方式进行。玩家每进行一次胡牌、杠牌均会触发金币的结算。当玩家的金币被扣除到低于底分时，不能继续进行游戏。", "font":"Arial", "size":24, "color":{"rr":195, "gg":135, "bb":77}}
		],
		"friend_room":[
			{ "content":"好友房：", "font":"Arial-BoldMT", "size":30, "color":{"rr":136, "gg":63, "bb":17} },
			{ "content":"在好友房中，可按个人喜好配置玩法：" , "font":"Arial", "size":24, "color":{"rr":195, "gg":135, "bb":77}},
			{ "content":"1.  可选择是否换三张和呼叫转移。" , "font":"Arial", "size":24, "color":{"rr":195, "gg":135, "bb":77}},
			{ "content":"2.  可选择自摸模式；自摸不加倍、自摸×1或自摸×2。" , "font":"Arial", "size":24, "color":{"rr":195, "gg":135, "bb":77}},
			{ "content":"3.  可选择杠上开花的模式；杠上开花当自摸，则赢三家。杠上开花当点炮，则赢一家。" , "font":"Arial", "size":24, "color":{"rr":195, "gg":135, "bb":77}}
		]

	},
	"xueliu":{
		"play_mode":"血流麻将",
		"base_rule":[
			{ "content":"基本规则：", "font":"Arial-BoldMT", "size":30, "color":{"rr":136, "gg":63, "bb":17} },
			{ "content" :"1、共108张牌，有筒、万、条三种花色，每种花色为9*4=36张牌。", "font":"Arial", "size":24, "color":{"rr":195, "gg":135, "bb":77}},
			{ "content" :"2、有碰牌、杠牌，没有吃牌。", "font":"Arial", "size":24, "color":{"rr":195, "gg":135, "bb":77}},
			{ "content" :"3、缺一门才可胡，即胡牌的时候不能有三种花色的牌。", "font":"Arial", "size":24, "color":{"rr":195, "gg":135, "bb":77}},
			{ "content" :"4、胡牌后可以再次胡。", "font":"Arial", "size":24, "color":{"rr":195, "gg":135, "bb":77}},
			{ "content" :"5、【刮风下雨】：明杠者收取点杠者2倍底分金币，蓄杠收取其他玩家1倍底分金币，暗杠收取其他玩家2倍底分金币。", "font":"Arial", "size":24, "color":{"rr":195, "gg":135, "bb":77}},
			{ "content" :"6、【退税】：牌局结束时玩家未听牌，则退回全部刮风下雨所得。", "font":"Arial", "size":24, "color":{"rr":195, "gg":135, "bb":77}},
			{ "content" :"7、【查花猪】：牌局结束时手牌还有缺牌的玩家为花猪，花猪赔给非花猪玩家封顶倍数(64倍)。", "font":"Arial", "size":24, "color":{"rr":195, "gg":135, "bb":77}},
			{ "content" :"8、【查大叫】：牌局结束时未听牌玩家（花猪不用）赔给听牌未胡牌玩家当前牌面的最大可能倍数。", "font":"Arial", "size":24, "color":{"rr":195, "gg":135, "bb":77}},
			{ "content" :"9、【呼叫转移】：玩家杠上炮后，需将自己杠牌所得转移给胡牌的玩家。", "font":"Arial", "size":24, "color":{"rr":195, "gg":135, "bb":77}},
			{ "content" :"10、【一炮多响】：点炮后多个玩家胡牌，点炮者与胡牌者单独结算。", "font":"Arial", "size":24, "color":{"rr":195, "gg":135, "bb":77}}
		],
		"base_sometype":[
			{ "content":"基本番型：", "font":"Arial-BoldMT", "size":30, "color":{"rr":136, "gg":63, "bb":17} },
			{ "content" :"基本番,不重复计算,只计最大番型。", "font":"Arial", "size":24, "color":{"rr":195, "gg":135, "bb":77}},
			{ "content" :"【平胡】×1，四坎牌加一对将。", "font":"Arial", "size":24, "color":{"rr":195, "gg":135, "bb":77}},
			{ "content" :[2,3,4,0,4,5,6,0,13,14,15,0,17,18,19,0,7,7]},
			{ "content" :"【对对胡】×2，四副刻子加一对将。", "font":"Arial", "size":24, "color":{"rr":195, "gg":135, "bb":77}},
			{ "content" :[1,1,1,0,3,3,3,0,4,4,4,0,16,16,16,0,17,17]},
			{ "content" :"【清一色】×4，平胡的手牌全部都是一个花色。", "font":"Arial", "size":24, "color":{"rr":195, "gg":135, "bb":77}},
			{ "content" :[1,2,3,0,1,2,3,0,4,5,6,0,7,8,9,0,9,9]},
			{ "content" :"【带幺九】×4，玩家手牌中的四坎牌和一对将都必须含有1或9。", "font":"Arial", "size":24, "color":{"rr":195, "gg":135, "bb":77}},
			{ "content" :[1,2,3,0,1,2,3,0,1,2,3,0,17,18,19,0,19,19]},
			{ "content" :"【七对】×4，玩家的手牌全部成对。", "font":"Arial", "size":24, "color":{"rr":195, "gg":135, "bb":77}},
			{ "content" :[1,1,0,3,3,0,4,4,0,6,6,0,15,15,0,17,17,0,19,19]},
			{ "content" :"【金钩钓】×4，玩家其他手牌均被碰牌或杠牌，外加一对将。算番时不再计对对胡。", "font":"Arial", "size":24, "color":{"rr":195, "gg":135, "bb":77}},
			{ "content" :[6,6,6,0,8,8,8,0,12,12,12,0,13,13,13,0,19,19]},
			{ "content" :"【清对】×8，清一色的对对胡。", "font":"Arial", "size":24, "color":{"rr":195, "gg":135, "bb":77}},
			{ "content" :[2,2,2,0,4,4,4,0,7,7,7,0,8,8,8,0,9,9]},
			{ "content" :"【龙七对】×8，玩家手牌没有碰过或杠过，有四张牌是一样的，其他牌成对叫龙七对。算番时不再计七对和一根。", "font":"Arial", "size":24, "color":{"rr":195, "gg":135, "bb":77}},
			{ "content" :[1,1,0,3,3,0,4,4,0,6,6,0,15,15,0,17,17,17,17]},
			{ "content" :"【清七对】×16，玩家手上的牌是清一色的七对。算番时不再计清一色和七对。", "font":"Arial", "size":24, "color":{"rr":195, "gg":135, "bb":77}},
			{ "content" :[1,1,0,3,3,0,4,4,0,6,6,0,7,7,0,8,8,0,9,9]},
			{ "content" :"【清幺九】×16，清一色的幺九。", "font":"Arial", "size":24, "color":{"rr":195, "gg":135, "bb":77}},
			{ "content" :[1,2,3,0,1,2,3,0,1,2,3,0,7,8,9,0,9,9]},
			{ "content" :"【清金钩钓】×16，清一色的金钩钓。算番时不再计清一色、金钩钓、对对胡。", "font":"Arial", "size":24, "color":{"rr":195, "gg":135, "bb":77}},
			{ "content" :[1,1,1,0,2,2,2,0,4,4,4,0,6,6,6,0,8,8]},
			{ "content" :"【天胡】×32，庄家首次摸完牌后胡牌，叫天胡。", "font":"Arial", "size":24, "color":{"rr":195, "gg":135, "bb":77}},
			{ "content" :"【地胡】×32，闲家第一轮摸牌后就胡牌，叫地胡。", "font":"Arial", "size":24, "color":{"rr":195, "gg":135, "bb":77}},
			{ "content" :"【清龙七对】×32，清一色的龙七对，叫清龙七对。算番时不再计一根。", "font":"Arial", "size":24, "color":{"rr":195, "gg":135, "bb":77}},
			{ "content" :[1,1,0,3,3,0,4,4,0,6,6,0,7,7,0,8,[8,8],8]},
			{ "content" :"【十八罗汉】×64，若金钩钓牌型里有四个杠，共18张牌，则称为十八罗汉。算番时不再计四根、金钩钓、对对胡。", "font":"Arial", "size":24, "color":{"rr":195, "gg":135, "bb":77}},
			{ "content" :[2,[2,2],2,0,5,[5,5],5,0,15,[15,15],15,0,17,[17,17],17,0,19,19]},
			{ "content" :"【清十八罗汉】×256，清一色的十八罗汉。算番时不再计清一色、金钩钓、对对胡、四根。", "font":"Arial", "size":24, "color":{"rr":195, "gg":135, "bb":77}},
			{ "content" :[2,[2,2],2,0,5,[5,5],5,0,6,[6,6],6,0,8,[8,8],8,0,9,9]},
			{ "content" :""},
			{ "content" :"另加番：", "font":"Arial", "size":24, "color":{"rr":195, "gg":135, "bb":77}},
			{ "content" :"【杠上开花】×2，杠牌后补牌而胡。", "font":"Arial", "size":24, "color":{"rr":195, "gg":135, "bb":77}},
			{ "content" :"【杠上炮】×2，玩家杠牌后给其他玩家点炮。", "font":"Arial", "size":24, "color":{"rr":195, "gg":135, "bb":77}},
			{ "content" :"【抢杠胡】×2，玩家要杠牌时，他家可以抢杠而胡，且刮风下雨无效。", "font":"Arial", "size":24, "color":{"rr":195, "gg":135, "bb":77}},
			{ "content" :"【根】×2，四张一样的牌即为一根。", "font":"Arial", "size":24, "color":{"rr":195, "gg":135, "bb":77}},
			{ "content" :"【海底捞月】×2，摸到最后一张牌而胡。", "font":"Arial", "size":24, "color":{"rr":195, "gg":135, "bb":77}},
			{ "content" :"【海底炮】×2，摸到的最后一张牌打出时给其他玩家点炮。", "font":"Arial", "size":24, "color":{"rr":195, "gg":135, "bb":77}}
		],
		"special_rule":[
			{ "content":"特殊规则：", "font":"Arial-BoldMT", "size":30, "color":{"rr":136, "gg":63, "bb":17} },
			{ "content":"【换三张】" , "font":"Arial", "size":24, "color":{"rr":195, "gg":135, "bb":77}},
			{ "content":"抓牌之后每人要选出三张相同花色的牌与他人交换。换牌方式从顺时针、逆时针或对家互换三种方式中随机选定。" , "font":"Arial", "size":24, "color":{"rr":195, "gg":135, "bb":77}},
			{ "content":"【定缺】" , "font":"Arial", "size":24, "color":{"rr":195, "gg":135, "bb":77}},
			{ "content":"开始打牌之前，每位玩家都必须定一种花色的牌为缺牌。打牌时要把缺牌打出，没有缺牌才能胡。" , "font":"Arial", "size":24, "color":{"rr":195, "gg":135, "bb":77}}
		],
		"balance":[
			{ "content":"结算：", "font":"Arial-BoldMT", "size":30, "color":{"rr":136, "gg":63, "bb":17} },
			{ "content" :"在血流麻将游戏中，以金币做为游戏计分单位。血流麻将的金币计算，采用局中实时结算的方式进行。玩家每进行一次胡牌、杠牌均会触发金币的结算。当玩家的金币被扣除到低于底分时，不能继续进行游戏。", "font":"Arial", "size":24, "color":{"rr":195, "gg":135, "bb":77}}
		],
		"friend_room":[
			{ "content":"好友房：", "font":"Arial-BoldMT", "size":30, "color":{"rr":136, "gg":63, "bb":17} },
			{ "content":"在好友房中，可按个人喜好配置玩法：" , "font":"Arial", "size":24, "color":{"rr":195, "gg":135, "bb":77}},
			{ "content":"1.  可选择是否换三张和呼叫转移。" , "font":"Arial", "size":24, "color":{"rr":195, "gg":135, "bb":77}},
			{ "content":"2.  可选择自摸模式；自摸不加倍、自摸×1或自摸×2。" , "font":"Arial", "size":24, "color":{"rr":195, "gg":135, "bb":77}},
			{ "content":"3.  可选择杠上开花的模式；杠上开花当自摸，则赢三家。杠上开花当点炮，则赢一家。" , "font":"Arial", "size":24, "color":{"rr":195, "gg":135, "bb":77}}
		]
	}
}
